{"cameraMode":{"drawMode":0,"name":"Shaded","section":"Shading Mode"},"sceneLighting":true,"audioPlay":false,"sceneViewState":{"m_AlwaysRefresh":false,"showFog":true,"showSkybox":true,"showFlares":true,"showImageEffects":true,"showParticleSystems":true,"showVisualEffectGraphs":true,"m_FxEnabled":true},"in2DMode":false,"pivot":{"x":7.702779769897461,"y":-13.675662994384766,"z":27.791481018066408},"rotation":{"x":0.31411516666412356,"y":-0.03986420854926109,"z":0.01319991983473301,"w":0.9484745860099793},"size":22.455141067504884,"orthographic":false}